{
  "9435 rue Jean-Milot, LaSalle, QC, H8R 0C9, Québec, Canada": [
    45.4304575,
    -73.6464587
  ],
  "Montreal, QC H2K 2R8, Québec, Canada": [
    45.5031824,
    -73.5698065
  ],
  "Boulevard Henri-Bourassa Est, Montréal, QC, Québec, Canada": [
    45.63268,
    -73.5708059
  ],
  "1569 rue St-Hubert, Montréal, QC, H2L 3Z1, Québec, Canada": [
    45.5164842,
    -73.5607613
  ],
  "235 rue Young, Montreal, QC, H3C 0Z6, Québec, Canada": [
    45.4931499,
    -73.5587901
  ],
  "Montréal, QC H2A 2V8, Québec, Canada": [
    45.5031824,
    -73.5698065
  ],
  "2940 Rue Cousineau, Saint-Laurent, QC, Québec, Canada": [
    45.5232503,
    -73.7154708
  ],
  "Montréal, QC H1V 1Z3, Québec, Canada": [
    45.5031824,
    -73.5698065
  ],
  "2929 rue Victoria, Lachine, QC, H4R 2C4, Québec, Canada": [
    45.4358929,
    -73.6889487
  ],
  "4625 Rue Clark, Montréal, QC H2T 2T3, Québec, Canada": [
    45.5205866,
    -73.5885712
  ],
  "Montréal, QC H1N 2M1, Québec, Canada": [
    45.5031824,
    -73.5698065
  ],
  "Montreal, QC H2A 2P9, Québec, Canada": [
    45.5031824,
    -73.5698065
  ],
  "Saint-Leonard, QC H1R 1W2, Canada, Québec, Canada": null,
  "Lachine, QC H8S 0C9, Québec, Canada": [
    45.435114,
    -73.6837987
  ],
  "Montreal, QC H2Y 2E1, Québec, Canada": [
    45.5031824,
    -73.5698065
  ],
  "Pointe-aux-Trembles, QC H1B 4S4, Québec, Canada": [
    45.6747302,
    -73.5062328
  ],
  "Montreal, QC H3T 1E7, Québec, Canada": [
    45.5031824,
    -73.5698065
  ],
  "Boulevard Thimens, Montreal, QC, Québec, Canada": [
    45.5097567,
    -73.6973382
  ],
  "130 Prince Arthur Street West, Montreal, QC, Québec, Canada": null,
  "Montréal, QC H1X 2E2, Québec, Canada": [
    45.5031824,
    -73.5698065
  ],
  "Montréal, QC H1N 1R6, Québec, Canada": [
    45.5031824,
    -73.5698065
  ],
  "Montréal, QC H1B 3B1, Québec, Canada": [
    45.5031824,
    -73.5698065
  ],
  "Lachine, QC H8R 1M4, Québec, Canada": [
    45.435114,
    -73.6837987
  ],
  "2990 Rue Cousineau, Montreal, QC, Québec, Canada": [
    45.5238311,
    -73.7163957
  ],
  "Montreal, QC H2B 2S1, Québec, Canada": [
    45.5031824,
    -73.5698065
  ],
  "5180 Philippe Lalonde, Montréal, QC, H4C 0C2, Québec, Canada": null,
  "5915 Rue Souart, Montréal, QC, Québec, Canada": [
    45.5028494,
    -73.6277842
  ],
  "4875 Dufferin, Montréal, QC, H3X 2E5, Québec, Canada": [
    45.4786349,
    -73.6294101
  ],
  "Montréal, QC H1V 2L4, Québec, Canada": [
    45.5031824,
    -73.5698065
  ],
  "Saint-Laurent, QC H4N 1E3, Québec, Canada": [
    45.5088774,
    -73.6875187
  ],
  "4e Avenue, Verdun, Montreal, QC, Québec, Canada": [
    45.456699,
    -73.5678839
  ],
  "Montréal, QC H1T 3G2, Québec, Canada": [
    45.5031824,
    -73.5698065
  ],
  "Montreal, QC H4A 1T1, Québec, Canada": [
    45.5031824,
    -73.5698065
  ],
  "Montréal, QC H1T 2T8, Québec, Canada": [
    45.5031824,
    -73.5698065
  ],
  "15800, rue Sherbrooke Est, Montréal Pointe-aux-Trembles, QC, H1A 0G1, Québec, Canada": [
    45.6581083,
    -73.5087895
  ],
  "Saint-Laurent, QC H4R 1K4, Québec, Canada": [
    45.5088774,
    -73.6875187
  ],
  "Montreal, QC H4J 1N9, Québec, Canada": [
    45.5031824,
    -73.5698065
  ],
  "Montreal, QC H2L 1T3, Québec, Canada": [
    45.5031824,
    -73.5698065
  ],
  "Montréal, QC H4C 1Y2, Québec, Canada": [
    45.5031824,
    -73.5698065
  ],
  "1190 Du Fort, Montreal, QC, H3H 2B5, Québec, Canada": [
    45.4905402,
    -73.5796073
  ],
  "2051 rue Lapierre, LaSalle Montréal, QC, H8N 1A6, Québec, Canada": [
    45.4371961,
    -73.6154782
  ],
  "Rosemont-La Petite-Patrie, Montreal, QC H1T 3L7, Québec, Canada": [
    45.5507465,
    -73.5822897
  ],
  "2191 Boul. Édouard Montpetit, montreal, QC, H3T 1J3, Québec, Canada": [
    45.5083203,
    -73.6148416
  ],
  "5885, avenue Marc-Chagall, Côte-Saint-Luc, QC, H4W 0C1, Québec, Canada": [
    45.4804052,
    -73.6635251
  ],
  "3420 boul Saint-Joseph, Montreal, QC, H1X 0A6, Québec, Canada": [
    45.4335121,
    -73.6943711
  ],
  "3455 Côte-des-Neiges, Montreal, QC, H3H 1T6, Québec, Canada": [
    45.4988496,
    -73.6239598
  ],
  "Montreal, QC H4B 2X7, Québec, Canada": [
    45.5031824,
    -73.5698065
  ],
  "6060 Jean Talon Est, St-Léonard, QC, H1S 3A9, Québec, Canada": [
    45.5878458,
    -73.57797
  ],
  "605 rue Fullum, Montreal, QC, H2K 0G4, Québec, Canada": [
    45.5264925,
    -73.5462862
  ],
  "570 Avenue Letourneux, Montreal, QC, Québec, Canada": [
    45.5502326,
    -73.5333096
  ],
  "1325 rue Saint Andre, Montreal, QC, H2L 0G6, Québec, Canada": [
    45.5163904,
    -73.5577014
  ],
  "82A Rue Fleury O, Montréal, H3L 1T2, Québec, Canada": null,
  "Montreal, QC H4A 3E6, Québec, Canada": [
    45.5031824,
    -73.5698065
  ],
  "5775 Cavendish Boulevard, Côte Saint-Luc, QC, H4W 3L9, Québec, Canada": [
    45.4766182,
    -73.6616251
  ],
  "2125 rue Ward, Montreal, QC, H4M 1T6, Québec, Canada": [
    45.5003171,
    -73.6770494
  ],
  "5605 Pierre-de Coubertin Avenue, Montreal, QC, Québec, Canada": [
    45.5720892,
    -73.5405005
  ],
  "Lachine, QC H8T 2C8, Québec, Canada": [
    45.435114,
    -73.6837987
  ],
  "1957 rue Hunter, Montreal, QC, H3J 2N9, Québec, Canada": [
    45.4864106,
    -73.5687939
  ],
  "2350 rue Saint-Patrick, Montreal, QC, H3K 0C5, Québec, Canada": [
    45.4816029,
    -73.5689945
  ],
  "Rue Saint-Hubert, Montreal, QC, Québec, Canada": [
    45.5208869,
    -73.5707736
  ],
  "1060 Crémazie Ouest, Montreal, QC, H3N 1A4, Québec, Canada": null,
  "3468 Drummond, Montreal, QC, H3G 1Y4, Québec, Canada": [
    45.5014984,
    -73.5806428
  ],
  "Montreal, QC H2K 2T8, Québec, Canada": [
    45.5031824,
    -73.5698065
  ],
  "1011 blvd Shevchenko, LaSalle, QC, H8N 0H2, Québec, Canada": [
    45.4306497,
    -73.6102605
  ],
  "Montréal, QC H2E 2G1, Québec, Canada": [
    45.5031824,
    -73.5698065
  ],
  "1415 ave Papineau, Montreal, QC, H2K 0E7, Québec, Canada": [
    45.5411417,
    -73.5922794
  ],
  "5510 Robinson, Côte Saint-Luc, QC, H4V 2P5, Québec, Canada": null,
  "1211 rue Berri, Montreal, QC, H2L 0H6, Québec, Canada": [
    45.514261,
    -73.5583057
  ],
  "1445 rue Clark, Montreal, QC, H2X 2R1, Québec, Canada": [
    45.5102638,
    -73.5652105
  ],
  "Montreal, QC H2K 3V4, Québec, Canada": [
    45.5031824,
    -73.5698065
  ],
  "2865 Kent, Montreal, QC, H3S 1M8, Québec, Canada": [
    45.5086247,
    -73.6274179
  ],
  "650 rue Wellington, Montreal, QC, H3C 1T3, Québec, Canada": [
    45.4984712,
    -73.5550547
  ],
  "11666 boul. St-Germain, Montreal, QC, H4J 1Z7, Québec, Canada": [
    45.5268726,
    -73.6998867
  ],
  "Saint-Laurent, QC H4M 1H7, Québec, Canada": [
    45.5088774,
    -73.6875187
  ],
  "808 2e Avenue, Lachine, QC, Québec, Canada": [
    45.4431435,
    -73.665797
  ],
  "1650 Av. Lincoln, Montréal, QC H3H 1H1, Québec, Canada": [
    45.4955036,
    -73.5806121
  ],
  "5960 Bd Saint-Michel, Montréal, QC H1Y 2E5, Québec, Canada": [
    45.5534963,
    -73.5818568
  ],
  "3555, rue Berri, Montreal, QC, H2L 4G4, Québec, Canada": [
    45.5188831,
    -73.5681054
  ],
  "1250 avenue Thérèse-Lavoie-Roux, Montreal, QC, H2V 0B2, Québec, Canada": [
    45.5232396,
    -73.6169461
  ],
  "Montreal, QC H1Y 1S6, Québec, Canada": [
    45.5031824,
    -73.5698065
  ],
  "3475 Saint-Urbain, Montreal, QC, H2X 2N4, Québec, Canada": [
    45.5117885,
    -73.5708975
  ],
  "Montreal, QC H2H 1B4, Québec, Canada": [
    45.5031824,
    -73.5698065
  ],
  "Montréal, QC H2R 2E8, Québec, Canada": [
    45.5031824,
    -73.5698065
  ],
  "Lorraine, QC J6Z 4W2, Québec, Canada": [
    45.6704733,
    -73.7887505
  ],
  "Rue Parthenais, Montréal, QC, h2h2g6, Québec, Canada": [
    45.5395851,
    -73.5782943
  ],
  "Montréal, QC H1L 5L1, Québec, Canada": [
    45.5031824,
    -73.5698065
  ],
  "Montréal, QC H2M 1P4, Québec, Canada": [
    45.5031824,
    -73.5698065
  ],
  "4775 Rue Sherbrooke O, Westmount, QC H3Z 1G5, Québec, Canada": null,