{
  "1000 rue De La Gauchetière, Montréal": [
    45.6628799,
    -73.4980112
  ],
  "Ville-Marie, Montréal": [
    45.5010803,
    -73.5681257
  ],
  "Saint-Laurent, Montréal": [
    45.5088774,
    -73.6875187
  ],
  "Le Sud-Ouest, Montréal": [
    45.484268,
    -73.5649867
  ],
  "Lachine, Montréal": [
    45.435114,
    -73.6837987
  ],
  "Côte-Saint-Luc, Montréal": [
    45.4772716,
    -73.6637524
  ],
  "Ahuntsic-Cartierville, Montréal": [
    45.5418621,
    -73.6803193
  ],
  "LaSalle, Montréal": [
    45.4325141,
    -73.6292667
  ],
  "Le Plateau-Mont-Royal, Montréal": [
    45.5218361,
    -73.5821731
  ],
  "Côte-des-Neiges-Notre-Dame-de-Grâce, Montréal": [
    45.4821002,
    -73.6249638
  ],
  "Outremont, Montréal": [
    45.5186167,
    -73.6068856
  ],
  "Rosemont-La Petite-Patrie, Montréal": [
    45.5507465,
    -73.5822897
  ],
  "Villeray-Saint-Michel-Parc-Extension, Montréal": [
    45.5371039,
    -73.6251264
  ],
  "Verdun, Montréal": [
    45.459099,
    -73.5731712
  ],
  "Montréal-Nord, Montréal": [
    45.5938992,
    -73.6376062
  ],
  "Saint-Léonard, Montréal": [
    45.58671,
    -73.5969488
  ],
  "Rivière-des-Prairies-Pointe-aux-Trembles, Montréal": [
    45.6606073,
    -73.5253145
  ],
  "4089 avenue de chateaubriand": [
    45.5225584,
    -73.5753582
  ]
}